Δt,Euler (y error),Euler (v error),Euler-Cromer (y error),Euler-Cromer (v error),Euler-Richardson (y error),Euler-Richardson (v error)
0.2,1.959999999999999,3.552713678800501e-15,1.9600000000000026,3.552713678800501e-15,3.552713678800501e-15,3.552713678800501e-15
0.1,0.9799999999999933,3.552713678800501e-15,0.9800000000000075,3.552713678800501e-15,3.552713678800501e-15,3.552713678800501e-15
0.05,0.490000000000002,7.105427357601002e-15,0.48999999999999844,7.105427357601002e-15,1.0658141036401503e-14,7.105427357601002e-15
0.01,0.09799999999997056,5.1514348342607263e-14,0.09800000000002917,5.1514348342607263e-14,3.907985046680551e-14,5.1514348342607263e-14
0.005,0.04900000000002436,9.592326932761353e-14,0.04899999999997462,9.592326932761353e-14,5.3290705182007514e-14,9.592326932761353e-14
